Date,Visitors
2015-07-13 13:54:23,91
2015-07-13 19:56:43,66
2015-07-21 20:27:04,109
2015-07-22 15:13:50,3
2015-07-22 20:21:38,1
2015-07-27 16:15:03,121
2015-08-03 18:57:28,126
2015-08-04 13:39:22,5
2015-08-05 17:29:25,5
2015-08-05 17:30:41,2
2015-08-06 21:22:59,18
2015-08-06 21:37:07,30
2015-08-10 16:11:19,128
2015-08-11 19:00:12,8
2015-08-12 17:49:39,3
2015-08-17 18:16:23,100
2015-08-17 20:36:59,20
2015-08-21 21:07:12,2
2015-08-24 16:12:34,112
2015-08-24 16:17:09,31
2015-08-31 20:22:52,25
2015-09-09 17:54:06,2
2015-09-14 17:26:03,45
2015-09-14 19:01:40,29
2015-09-14 23:29:21,1
2015-09-15 21:07:00,15
2015-09-20 17:40:30,2
2015-09-21 20:13:23,26
2015-09-22 16:07:35,8
2015-09-22 16:09:09,7
2015-09-22 16:11:20,7
2015-09-23 19:14:37,5
2015-09-23 20:29:54,3
2015-09-28 19:35:00,63
2015-09-28 19:36:36,20
2015-09-28 23:43:30,12
2015-09-30 19:13:18,1
2015-10-01 21:44:53,45
2015-10-06 17:35:40,45
2015-10-07 18:48:48,2
2015-10-07 18:49:43,4
2015-10-09 15:26:58,14
2015-10-09 15:28:45,125
2015-10-12 16:14:44,15
2015-10-12 16:19:25,1
2015-10-19 20:04:39,5
2015-10-20 17:10:51,8
2015-10-20 22:11:33,5
2015-10-21 17:04:46,26
2015-10-21 17:11:14,1
2015-10-21 22:25:11,50
2015-10-22 16:55:10,30
2015-10-26 15:28:07,2
2015-10-26 18:06:31,30
2015-10-26 18:55:39,41
2015-10-26 19:07:58,3
2015-10-26 19:09:42,39
2015-10-30 17:25:32,7
2015-11-04 14:35:51,10
2015-11-04 15:15:17,22
2015-11-04 20:44:21,15
2015-11-05 20:38:08,3
2015-11-06 14:35:03,45
2015-11-09 16:23:26,54
2015-11-11 19:11:19,25
2015-11-12 16:41:11,38
2015-11-12 16:42:14,45
2015-11-16 15:11:50,39
2015-11-16 15:39:04,5
2015-11-16 16:07:39,1
2015-11-16 16:35:12,4
2015-11-16 16:45:56,3
2015-11-16 17:23:56,25
2015-11-17 16:06:16,3
2015-11-20 14:49:36,2
2015-11-23 17:29:22,191
2015-11-23 18:04:51,45
2015-11-30 15:38:37,30
2015-11-30 20:06:14,13
2015-12-01 15:01:49,2
2015-12-02 21:08:27,98
2015-12-07 12:32:40,3
2015-12-11 16:35:12,20
2015-12-11 16:37:40,25
2015-12-11 17:23:39,30
2015-12-17 22:43:24,6
2016-01-04 20:26:12,18
2016-01-04 22:07:18,1
2016-01-06 15:59:52,44
2016-01-06 20:35:29,1
2016-01-06 23:10:22,60
2016-01-07 15:57:10,20
2016-01-08 19:50:26,1
2016-01-14 14:53:40,12
2016-01-14 15:23:22,3
2016-01-21 17:03:46,20
2016-01-25 21:46:07,1
2016-01-26 16:11:36,1
2016-01-26 17:12:24,9
2016-01-29 19:04:47,2
2016-02-01 18:43:46,3
2016-02-02 15:01:51,2
2016-02-02 15:22:53,13
2016-02-04 15:05:14,3
2016-02-04 15:31:18,4
2016-02-04 19:13:28,2
2016-02-05 20:08:47,3
2016-02-08 17:15:51,25
2016-02-08 17:18:43,1
2016-02-10 19:43:39,1
2016-02-11 16:47:17,20
2016-02-11 20:45:38,2
2016-02-12 21:47:55,2
2016-02-12 22:02:14,2
2016-02-15 15:49:26,149
2016-02-16 19:24:36,1
2016-02-17 20:03:45,5
2016-02-19 14:25:16,2
2016-02-19 18:39:13,1
2016-02-19 20:18:32,1
2016-02-22 20:00:59,2
2016-02-24 16:28:49,12
2016-02-24 20:07:52,15
2016-02-25 19:42:04,7
2016-02-27 03:04:10,10
2016-02-29 15:09:37,4
2016-03-02 16:49:54,12
2016-03-03 13:29:03,8
2016-03-03 21:40:24,250
2016-03-04 13:54:35,35
2016-03-08 13:54:32,15
2016-03-08 16:15:35,129
2016-03-08 16:23:21,1
2016-03-10 02:14:58,2
2016-03-11 15:37:30,15
2016-03-14 19:51:46,290
2016-03-14 22:50:30,3
2016-03-15 21:01:55,1
2016-03-18 15:39:45,35
2016-03-18 20:18:46,244
2016-03-21 15:52:52,53
2016-03-22 15:08:30,1
2016-03-22 15:13:08,4
2016-03-22 17:22:31,4
2016-03-22 19:40:35,6
2016-03-22 19:44:01,4
2016-03-22 19:46:02,2
2016-03-23 18:50:00,3
2016-03-24 15:08:52,10
2016-03-24 16:36:01,30
2016-03-24 20:57:15,2
2016-03-25 14:57:47,148
2016-03-25 21:58:09,1
2016-03-28 00:57:25,3
2016-03-31 19:32:37,114
2016-04-01 17:14:44,2
2016-04-04 06:20:15,20
2016-04-04 17:37:40,43
2016-04-07 18:33:17,30
2016-04-07 18:42:47,15
2016-04-08 17:17:39,1
2016-04-08 18:16:15,3
2016-04-08 20:46:45,4
2016-04-08 21:32:44,1
2016-04-08 21:38:46,1
2016-04-09 23:57:04,30
2016-04-11 20:23:05,25
2016-04-12 18:31:24,20
2016-04-13 17:56:20,2
2016-04-13 20:04:39,21
2016-04-13 21:19:37,5
2016-04-14 00:47:14,60
2016-04-15 17:33:23,10
2016-04-26 16:02:54,32
2016-04-26 16:39:46,7
2016-05-02 16:04:37,3
2016-05-04 02:08:54,2
2016-05-05 15:39:50,20
2016-05-06 14:34:12,1
2016-05-06 16:09:19,2
2016-05-11 15:26:30,3
2016-05-16 16:41:24,9
2016-05-16 19:11:46,14
2016-05-18 21:34:57,30
2016-05-20 18:02:47,3
2016-05-20 20:01:48,50
2016-05-22 23:19:08,5
2016-05-23 16:35:48,13
2016-05-24 18:16:13,6
2016-05-31 16:07:55,3
2016-05-31 17:30:03,8
2016-06-02 18:07:39,40
2016-06-03 19:54:40,9
2016-06-06 00:12:34,2
2016-06-06 15:44:25,21
2016-06-07 17:39:02,71
2016-06-07 20:16:27,1
2016-06-13 16:46:03,54
2016-06-20 16:21:36,20
2016-06-20 16:24:03,14
2016-06-20 17:24:31,60
2016-06-21 22:03:28,21
2016-06-28 16:53:12,74
2016-06-28 20:20:52,25
2016-06-29 17:11:13,5
2016-06-30 17:08:50,40
2016-07-11 16:42:49,91
2016-07-14 02:09:02,7
2016-07-18 16:25:46,10
2016-07-21 17:59:00,8
2016-07-25 17:56:22,81
2016-07-25 17:58:08,128
2016-07-26 19:47:27,10
2016-07-26 21:18:57,3
2016-07-27 04:17:44,5
2016-07-27 16:21:56,20
2016-07-28 15:38:01,12
2016-08-01 15:28:15,73
2016-08-02 17:46:00,15
2016-08-05 15:19:52,165
2016-08-05 15:21:06,59
2016-08-06 22:36:47,3
2016-08-10 17:01:31,3
2016-08-12 15:27:06,109
2016-08-12 18:46:04,30
2016-08-15 17:31:55,67
2016-08-17 16:26:16,4
2016-08-17 18:55:53,6
2016-08-19 17:53:13,30
2016-08-19 18:42:57,3
2016-08-23 19:16:45,3
2016-08-24 20:26:36,26
2016-08-29 18:43:46,25
2016-08-30 21:12:29,3
2016-08-31 03:25:39,6
2016-08-31 05:04:08,1
2016-09-01 04:45:37,3
2016-09-02 21:58:42,2
2016-09-06 18:36:14,2
2016-09-06 22:00:39,5
2016-09-07 21:22:15,4
2016-09-08 21:20:42,4
2016-09-09 16:31:07,25
2016-09-12 16:04:18,20
2016-09-12 20:50:02,3
2016-09-13 21:37:21,30
2016-09-14 15:14:08,4
2016-09-14 15:49:03,4
2016-09-15 22:00:56,2
2016-09-16 15:17:42,9
2016-09-16 15:19:52,12
2016-09-27 20:01:57,15
2016-09-28 16:07:12,35
2016-09-29 15:38:14,1
2016-09-29 16:36:24,2
2016-09-30 15:12:40,61
2016-10-03 18:25:54,2
2016-10-04 18:23:39,10
2016-10-04 18:52:01,5
2016-10-07 15:38:24,83
2016-10-07 19:49:47,50
2016-10-10 17:19:39,12
2016-10-12 20:57:08,80
2016-10-13 16:45:21,38
2016-10-13 17:09:25,3
2016-10-13 21:53:04,4
2016-10-14 17:59:32,44
2016-10-14 20:18:45,130
2016-10-17 18:56:00,2
2016-10-18 15:49:01,2
2016-10-19 22:21:33,1
2016-10-24 18:22:24,9
2016-10-26 20:23:48,3
2016-10-30 22:06:14,18
2016-10-31 19:08:24,4
2016-11-01 21:49:40,18
2016-11-02 21:34:44,1
2016-11-03 19:26:22,80
2016-11-03 20:33:02,15
2016-11-04 17:28:10,5
2016-11-07 18:36:43,25
2016-11-11 15:25:31,6
2016-11-14 15:44:36,30
2016-11-14 21:21:10,6
2016-11-15 15:21:12,13
2016-11-17 18:14:32,18
2016-11-18 19:05:17,25
2016-11-21 17:24:35,289
2016-11-22 15:31:05,2
2016-11-22 17:00:58,13
2016-11-28 16:51:51,11
2016-11-30 13:40:03,10
2016-12-01 20:25:07,2
2016-12-05 18:44:35,2
2016-12-10 13:46:12,5
2016-12-21 21:52:50,12
2016-12-22 22:45:39,2
2016-12-23 17:56:53,2
2017-01-02 22:31:12,20
2017-01-06 18:38:25,1
2017-01-08 19:51:59,3
2017-01-09 13:10:10,4
2017-01-09 18:06:44,17
2017-01-09 18:08:02,7
2017-01-09 18:10:06,5
2017-01-10 21:59:22,35
2017-01-12 14:20:17,3
2017-01-23 15:33:32,14
2017-01-23 23:01:54,1
2017-01-24 21:58:44,4
2017-01-24 22:24:43,3
2017-01-25 02:31:47,90
2017-01-26 13:54:47,2
2017-01-28 04:48:15,2
2017-01-30 14:21:09,12
2017-02-01 16:20:18,20
2017-02-02 20:35:53,3
2017-02-03 14:54:23,6
2017-02-06 21:10:37,30
2017-02-07 16:54:41,1
2017-02-07 18:00:09,2
2017-02-07 18:55:21,17
2017-02-08 15:01:46,7
2017-02-10 15:54:06,17
2017-02-13 17:29:42,40
2017-02-13 19:51:30,4
2017-02-14 22:26:21,3
2017-02-22 19:44:23,10
2017-02-23 18:27:35,74
2017-02-27 15:48:55,24
2017-02-27 16:30:07,3
2017-02-27 20:32:16,250
2017-03-03 14:29:51,17
2017-03-03 18:38:18,8
2017-03-03 19:06:49,8
2017-03-05 17:25:41,3
2017-03-07 16:22:07,47
2017-03-07 19:29:49,5
2017-03-10 17:09:24,55
2017-03-15 15:51:06,161
2017-03-15 16:46:34,2
2017-03-15 18:36:11,8
2017-03-17 15:33:43,251
2017-03-20 18:10:41,44
2017-03-21 15:20:17,100
2017-03-21 17:19:10,2
2017-03-23 16:55:49,2
2017-03-24 17:11:43,20
2017-03-24 17:13:50,50
2017-03-24 18:19:26,48
2017-03-24 18:51:06,20
2017-03-27 19:24:19,20
2017-03-27 19:26:26,74
2017-03-29 14:26:14,2
2017-03-30 17:17:53,4
2017-03-31 16:58:08,90
2017-04-03 19:53:29,29
2017-04-04 19:38:59,3
2017-04-06 15:27:30,126
2017-04-07 16:42:00,35
2017-04-12 16:52:52,30
2017-04-17 14:48:50,20
2017-04-17 16:59:25,106
2017-04-18 14:50:57,20
2017-04-19 02:07:14,4
2017-04-19 17:14:08,5
2017-04-20 16:47:09,5
2017-04-22 16:48:36,22
2017-04-24 18:01:40,8
2017-04-28 16:38:06,6
2017-05-01 15:28:21,22
2017-05-15 14:30:11,13
2017-05-15 22:52:44,45
2017-05-16 17:54:52,7
2017-05-17 17:35:45,25
2017-05-18 13:10:57,4
2017-05-18 17:15:08,8
2017-05-24 20:56:59,60
2017-05-25 18:22:16,33
2017-06-01 00:56:52,20
2017-06-01 16:04:44,2
2017-06-02 01:52:39,25
2017-06-02 20:36:39,22
2017-06-05 15:41:36,5
2017-06-05 17:46:20,20
2017-06-05 21:54:51,12
2017-06-06 00:58:40,17
2017-06-07 19:39:49,27
2017-06-08 15:58:04,67
2017-06-08 16:02:23,103
2017-06-12 17:32:28,20
2017-06-16 13:43:04,4
2017-06-19 15:41:07,46
2017-06-20 19:22:58,4
2017-06-23 19:43:09,30
2017-06-27 15:47:02,23
2017-06-27 16:22:00,68
2017-06-28 17:25:43,60
2017-06-29 15:19:33,25
2017-06-30 19:35:55,2
2017-07-05 20:40:19,25
2017-07-10 19:09:12,45
2017-07-10 19:10:12,128
2017-07-12 15:12:21,4
2017-07-14 21:44:17,30
2017-07-17 16:52:34,95
2017-07-17 17:27:06,100
2017-07-18 19:39:52,2
2017-07-24 16:48:00,110
2017-07-28 23:20:18,2
2017-07-31 18:42:30,92
2017-08-07 17:43:19,62
2017-08-08 16:55:13,25
2017-08-10 14:22:27,280
2017-08-11 14:41:39,128
2017-08-14 19:09:59,111
2017-08-17 16:44:48,67
2017-08-18 04:56:01,2
2017-08-21 20:26:01,43
2017-08-23 19:30:22,3
2017-08-24 22:19:50,2
2017-08-28 18:16:27,5
2017-09-08 19:37:55,5
2017-09-11 15:44:01,2
2017-09-11 17:57:19,2
2017-09-11 18:25:53,18
2017-09-14 17:11:08,90
2017-09-18 19:15:18,14
2017-09-19 16:52:43,2
2017-09-25 18:06:23,13
2017-09-28 18:35:26,18
2017-09-29 14:59:24,60
2017-10-02 13:07:02,20
2017-10-02 19:16:34,24
2017-10-02 21:54:46,2
2017-10-09 17:33:35,115
2017-10-10 21:15:52,61
2017-10-12 00:39:56,1
2017-10-16 15:38:13,35
2017-10-17 14:37:05,1
2017-10-23 17:35:24,22
2017-10-25 17:57:52,26
2017-10-25 19:04:39,1
2017-10-27 19:36:00,45
2017-10-27 23:03:33,3
2017-10-30 16:23:49,34
2017-10-31 16:50:00,20
2017-11-03 23:50:45,2
2017-11-06 18:13:31,10
2017-11-08 16:39:35,150
2017-11-08 16:42:21,100
2017-11-08 17:03:23,40
2017-11-09 03:27:32,5
2017-11-09 17:56:27,24
2017-11-10 21:41:46,2
2017-11-13 17:15:15,16
2017-11-17 19:40:26,297
2017-11-20 15:52:30,2
2017-11-21 22:15:33,4
2017-11-27 20:17:03,12
2017-11-29 00:00:10,4
2017-11-30 22:57:01,45
2017-12-04 17:35:40,50
2017-12-06 17:15:51,2
2017-12-11 15:53:22,4
2017-12-11 18:04:44,4
2017-12-13 21:07:25,2
2017-12-14 21:19:09,30
2017-12-22 12:59:57,8
2018-01-09 17:09:20,20
2018-01-11 01:49:09,35
2018-01-12 15:04:50,2
2018-01-12 16:41:58,120
2018-01-15 17:39:29,4
2018-01-18 15:35:06,8
2018-01-24 14:56:33,11
2018-01-24 15:43:27,1
2018-01-24 18:24:44,7
2018-01-29 14:47:57,33
2018-01-29 15:12:04,14
2018-02-02 19:26:29,3
2018-02-06 18:35:41,10
2018-02-06 19:19:56,10
2018-02-07 09:39:16,1
2018-02-08 21:12:02,30
2018-02-09 15:37:31,1
2018-02-12 16:03:02,45
2018-02-15 19:20:53,3
2018-02-16 19:31:36,2
2018-02-19 17:48:48,1
2018-02-19 19:46:40,221
2018-02-21 20:23:47,1
2018-02-21 20:56:02,2
2018-02-26 19:46:25,15
2018-02-28 15:00:00,50
2018-02-28 15:02:37,50
2018-02-28 22:10:32,70
2018-03-05 14:56:04,12
2018-03-08 17:54:29,18
2018-03-12 16:49:33,232
2018-03-12 17:44:51,2
2018-03-15 23:06:38,15
2018-03-15 23:11:33,30
2018-03-16 15:12:56,190
2018-03-16 18:29:11,2
2018-03-19 15:44:08,56
2018-03-19 17:59:29,20
2018-03-19 18:11:46,30
2018-03-19 23:01:03,2
2018-03-21 20:56:21,2
2018-03-26 19:38:10,86
2018-03-26 21:16:00,30
2018-03-27 19:04:08,30
2018-03-29 07:02:41,20
2018-04-02 18:41:38,114
2018-04-04 13:23:44,1
2018-04-05 15:35:19,13
2018-04-05 21:55:47,22
2018-04-12 14:20:06,15
2018-04-12 14:25:56,15
2018-04-13 21:54:37,56
2018-04-14 03:29:33,6
2018-04-16 05:32:23,14
2018-04-16 16:44:07,14
2018-04-16 19:37:00,50
2018-04-16 19:59:24,25
2018-04-17 03:04:33,20
2018-04-17 22:20:00,15
2018-04-18 16:37:28,15
2018-04-20 19:22:39,10
2018-04-23 16:36:13,23
2018-04-24 21:56:48,25
2018-04-26 15:13:26,20
2018-04-26 15:22:15,12
2018-04-30 18:29:48,19
2018-05-01 19:13:06,22
2018-05-04 19:31:31,30
2018-05-04 19:38:04,30
2018-05-04 19:55:20,30
2018-05-04 19:58:16,30
2018-05-07 17:50:04,16
2018-05-09 20:08:28,25
2018-05-11 18:20:10,20
2018-05-14 20:15:17,21
2018-05-15 17:40:06,38
2018-05-17 04:25:23,25
2018-05-21 20:33:12,40
2018-05-23 14:48:31,2
2018-05-23 15:15:07,13
2018-05-24 19:24:37,20
2018-05-25 20:39:46,3
2018-05-30 20:53:29,5
2018-06-05 15:03:57,72
2018-06-08 17:58:49,24
2018-06-11 17:25:41,50
2018-06-14 16:50:04,4
2018-06-18 15:09:58,67
2018-06-21 20:48:51,35
2018-06-22 00:06:08,5
2018-06-22 14:38:30,30
2018-06-22 19:07:53,2
2018-06-25 15:40:00,70
2018-06-26 17:09:42,2
2018-07-02 14:43:35,113
2018-07-03 18:48:27,6
2018-07-06 17:29:37,7
2018-07-09 15:15:24,60
2018-07-16 16:03:51,113
2018-07-17 16:26:19,7
2018-07-17 17:52:23,2
2018-07-24 17:18:18,45
2018-07-24 18:12:57,88
2018-07-25 20:02:30,30
2018-07-25 20:07:57,4
2018-07-26 23:03:53,30
2018-07-27 18:54:55,4
2018-07-30 16:37:44,10
2018-07-30 16:40:38,119
2018-08-06 16:07:14,15
2018-08-06 19:42:59,89
2018-08-07 21:16:00,4
2018-08-08 16:03:17,5
2018-08-10 14:16:20,126
2018-08-10 17:48:50,2
2018-08-20 17:16:36,50
2018-08-20 17:19:22,53
2018-08-20 17:21:11,72
2018-08-22 17:51:58,4
2018-08-27 17:32:44,52
2018-08-29 19:42:41,23
2018-09-04 19:10:17,30
2018-09-05 15:40:41,10
2018-09-07 21:36:22,17
2018-09-10 15:38:59,59
2018-09-12 16:28:36,3
2018-09-17 17:39:43,24
2018-09-18 21:59:24,20
2018-09-18 22:24:19,15
2018-09-21 11:14:16,30
2018-09-21 22:22:39,5
2018-09-26 17:24:10,4
2018-10-01 15:13:02,38
2018-10-01 20:05:15,4
2018-10-01 20:56:49,2
2018-10-04 22:17:28,3
2018-10-07 23:58:35,2
2018-10-08 14:32:54,198
2018-10-09 19:32:43,30
2018-10-10 20:36:24,50
2018-10-11 17:46:59,33
2018-10-11 19:52:47,40
2018-10-15 16:19:06,40
2018-10-15 16:25:09,112
2018-10-22 17:01:49,30
2018-10-22 17:47:45,50
2018-10-22 18:08:01,57
2018-10-23 15:30:02,19
2018-10-24 20:11:10,3
2018-10-25 04:05:29,25
2018-10-26 18:46:48,30
2018-10-29 15:52:40,47
2018-11-05 15:58:51,35
2018-11-05 16:42:46,3
2018-11-05 19:20:20,6
2018-11-07 20:26:11,80
2018-11-09 20:06:09,15
2018-11-15 19:07:11,100
2018-11-26 15:45:32,83
2018-11-26 20:59:59,12
2018-12-04 15:43:28,40
2019-01-02 15:05:02,2
2019-01-07 16:17:43,111
2019-01-08 01:03:16,3
2019-01-08 17:09:41,4
2019-01-09 03:11:57,23
2019-01-14 16:48:56,16
2019-01-17 19:04:16,55
2019-01-23 17:29:27,9
2019-01-28 15:30:30,30
2019-01-28 17:15:53,3
2019-01-30 15:48:30,6
2019-02-08 17:13:41,10
2019-02-11 15:48:25,35
2019-02-11 16:12:17,10
2019-02-11 16:54:19,1
2019-02-12 17:30:14,8
2019-02-14 17:58:20,30
2019-02-15 22:19:10,15
2019-02-18 20:14:37,2
2019-02-18 20:18:41,30
2019-02-18 21:49:37,203
2019-02-18 22:39:03,2
2019-02-19 16:45:47,10
2019-02-19 19:18:36,2
2019-02-20 03:44:13,5
2019-02-22 21:44:07,35
2019-03-01 21:46:00,4
2019-03-04 21:15:07,2
2019-03-07 15:40:43,17
2019-03-11 15:05:01,220
2019-03-14 15:29:47,1
2019-03-15 17:11:21,100
2019-03-18 15:38:18,105
2019-03-18 22:05:42,30
2019-03-19 20:20:07,25
2019-03-19 20:41:39,6
2019-03-20 16:40:37,30
2019-03-20 16:57:40,50
2019-03-20 17:00:02,40
2019-03-20 17:02:41,3
2019-03-24 21:18:12,30
2019-03-25 19:19:44,137
2019-03-27 02:10:26,20
2019-03-27 18:03:13,3
2019-04-01 15:35:51,2
2019-04-01 16:26:21,102
2019-04-02 01:10:27,1
2019-04-03 17:50:19,3
2019-04-03 23:22:45,125
2019-04-04 17:25:24,2
2019-04-06 03:46:32,15
2019-04-07 03:48:17,3
2019-04-09 03:56:08,20
2019-04-09 04:03:00,2
2019-04-10 15:31:35,20
2019-04-11 17:59:25,36
2019-04-15 02:39:55,15
2019-04-15 17:05:40,10
2019-04-19 00:17:53,14
2019-04-19 17:34:41,40
2019-04-22 16:12:19,117
2019-04-23 16:29:35,3
2019-04-25 21:52:43,29
2019-05-06 17:00:29,15
2019-05-06 17:01:05,4
2019-05-09 17:05:50,3
2019-05-12 00:57:32,3
2019-05-13 19:29:09,47
2019-05-14 16:35:02,24
2019-05-15 14:54:15,35
2019-05-16 22:06:32,70
2019-05-21 23:18:24,5
2019-05-23 17:01:43,3
2019-05-23 17:14:41,19
2019-06-02 22:18:30,40
2019-06-03 04:23:12,2
2019-06-03 18:49:35,2
2019-06-03 20:41:01,148
2019-06-04 15:25:24,25
2019-06-04 21:03:18,4
2019-06-05 17:01:11,20
2019-06-07 17:11:59,3
2019-06-10 16:37:03,153
2019-06-10 18:34:35,20
2019-06-13 16:29:24,45
2019-06-14 19:58:19,25
2019-06-17 16:52:18,171
2019-06-18 20:00:13,35
2019-06-18 20:00:18,35
2019-06-21 15:05:13,28
2019-06-21 15:17:28,6
2019-06-23 01:51:17,2
2019-06-24 16:12:14,169
2019-06-26 17:43:09,6
2019-06-27 14:48:27,60
2019-06-27 16:23:33,83
2019-07-09 05:54:20,5
2019-07-12 16:21:51,2
2019-07-12 19:53:43,12
2019-07-15 18:31:18,1
2019-07-15 23:17:19,25
2019-07-15 23:24:52,25
2019-07-15 23:29:26,25
2019-07-17 17:55:41,35
2019-07-17 22:50:35,10
2019-07-19 15:31:01,93
2019-07-19 15:33:56,100
2019-07-23 16:40:22,193
2019-07-26 17:01:57,30
2019-07-27 01:50:17,30
2019-07-29 15:18:18,196
2019-07-29 21:00:24,3
2019-07-31 22:40:28,2
2019-08-05 17:44:39,3
2019-08-05 22:56:23,18
2019-08-06 15:44:47,3
2019-08-09 13:16:33,3
2019-08-09 15:53:05,4
2019-08-09 22:57:14,2
2019-08-12 16:37:34,96
2019-08-13 18:41:04,1
2019-08-15 22:58:55,1
2019-08-21 21:43:04,55
2019-08-21 22:35:46,2
2019-08-23 18:00:57,14
2019-08-26 14:22:28,98
2019-08-27 20:06:15,55
2019-08-28 22:09:36,5
2019-09-05 23:46:31,60
2019-09-09 15:37:50,45
2019-09-11 16:06:15,40
2019-09-11 19:11:07,2
2019-09-12 15:33:27,30
2019-09-12 22:29:21,6
2019-09-18 03:54:44,24
2019-09-23 16:04:15,60
2019-09-23 18:52:50,50
2019-09-25 16:12:51,2
2019-09-27 16:41:17,1
2019-09-30 16:58:59,62
2019-10-03 15:35:47,15
2019-10-07 22:52:20,50
2019-10-10 19:43:04,47
2019-10-14 15:45:49,215
2019-10-14 19:59:39,3
2019-10-22 17:03:25,79
2019-10-22 17:05:40,8
2019-10-24 17:26:01,8
2019-10-25 19:48:10,5
2019-11-01 15:24:19,6
2019-11-04 16:07:02,49
2019-11-07 20:25:22,12
2019-11-08 07:46:35,15
2019-11-11 22:13:01,2
2019-11-14 01:51:47,35
2019-11-18 16:04:27,48
2019-11-25 16:21:59,195
2019-12-03 15:22:01,6
2019-12-09 21:55:46,120
2019-12-13 15:14:41,4
2019-12-18 18:35:33,10
2019-12-20 23:46:22,6
2020-01-06 16:29:29,149
2020-01-07 18:32:49,65
2020-01-07 19:52:46,25
2020-01-09 20:44:38,1
2020-01-13 15:50:57,19
2020-01-16 20:33:48,40
2020-01-21 21:28:09,5
2020-01-27 17:01:56,23
2020-01-31 17:14:50,4
2020-02-04 16:26:20,22
2020-02-10 14:55:35,3
2020-02-10 15:48:36,36
2020-02-10 20:24:47,21
2020-02-10 20:27:09,13
2020-02-11 15:45:37,8
2020-02-28 19:14:26,5
2020-03-03 23:25:23,30
2020-03-05 01:09:22,60
2020-03-05 01:11:35,50
2020-03-05 19:15:36,20
2020-03-10 21:16:14,45
2021-03-18 14:07:58,8
2021-04-16 16:35:56,3
2021-05-10 22:59:41,6
2021-05-21 15:07:55,6
2021-07-07 21:16:15,5
2021-07-15 16:20:14,2
2021-07-15 17:28:47,4
2021-07-27 17:46:34,5
2021-07-28 20:45:07,3
2021-07-28 23:47:46,3
2021-07-29 17:39:06,2
2021-07-29 17:53:57,3
2021-08-02 16:26:48,2
2021-08-24 22:36:07,4
2021-09-12 23:43:42,3
2021-09-22 17:36:34,20
2021-10-07 20:30:54,3
2021-10-13 21:11:47,6
2021-10-13 21:29:48,3
2021-10-19 19:39:01,1
2021-10-20 14:24:31,5
2021-11-01 23:58:22,2
2021-11-09 21:11:04,5
2021-12-18 20:14:41,3
2022-01-10 16:07:49,2
2022-01-28 17:22:31,40
2022-01-30 00:00:37,3
